MANIFEST.tsv	0	e3b0c44298fc1c149afbf4c8996fb92427ae41e4649b934ca495991b7852b855
analysis/bmr_multitask/CIFAR100/orthogonality_margin_path/config.json	820	77a9d2aa09bbd2491f5b4325f4d67bf3153b43766e13ce4196c37fb0ac83bd5d
analysis/bmr_multitask/CIFAR100/orthogonality_margin_path/endpoint_summary.csv	731	14cc0153f4208d68adb631c90515e299397d9041890b3d815aef98144c3bb305
analysis/bmr_multitask/CIFAR100/orthogonality_margin_path/geometry.json	538	02893ea088071c02fdad610104e273323b2a44dd20e50c3aa18ea0ce3ca8c6a5
analysis/bmr_multitask/CIFAR100/orthogonality_margin_path/orthogonality_margin_path.pdf	26056	15d03b29e35b892b20002f7f2d55f3bf3a017a89f2e26cd49f694a62d69cf34e
analysis/bmr_multitask/CIFAR100/orthogonality_margin_path/orthogonality_margin_path.png	280086	6ad382f399f5d0cf766820bc313e2c0e68d946b95c915f72d63f5f909a8012c6
analysis/bmr_multitask/CIFAR100/orthogonality_margin_path/summary.csv	4497	4271e873d64e0998af096c4201eeee87657b5cd576291d8a771a426b0cb2e0cd
analysis/bmr_multitask/Cars/orthogonality_margin_path/config.json	812	650ac4bdf4c6d39cf9b9727df6eba1f077edd48649249672f81c62620719dedd
analysis/bmr_multitask/Cars/orthogonality_margin_path/endpoint_summary.csv	736	b4fb5821a66d02e202d7d9fe3896f651e1babf749233b4bc8438f0005f4265f7
analysis/bmr_multitask/Cars/orthogonality_margin_path/geometry.json	538	72cc67e98b7e2686d07ab32bc700dd66236498a89fd61ba924293bb3ffaf8da3
analysis/bmr_multitask/Cars/orthogonality_margin_path/orthogonality_margin_path.pdf	25704	cc000b280889d68ea0209497b270acb922d81ee33970c52cf9647a843b4be388
analysis/bmr_multitask/Cars/orthogonality_margin_path/orthogonality_margin_path.png	271729	bc88a60d4e040598e353628633b3c3a97a38d96c41a1f79367c32c21e46656ae
analysis/bmr_multitask/Cars/orthogonality_margin_path/summary.csv	4554	c7c974ec15ecb442e278d1cc240362ffa21976e098d1f3e6cd1f51de340d82c3
analysis/bmr_multitask/Cars/patch/20260903_022954_dormant_target_key_patch_config.json	1893	23f1df50e7b71ce4baa2421fcd2fb765aa6fab94ece6546f7572147b95af4136
analysis/bmr_multitask/Cars/patch/20260903_022954_dormant_target_key_patch_summary.json	1845	eb8aeb27669a81fb6863a852c6fac7fd62280681e6e3a6df4063c18bc73c7b1c
analysis/bmr_multitask/EuroSAT/orthogonality_margin_path/config.json	818	a04626603a586728142ba01e3c85e4f87db18b20d8210e11c1eb386a01b379d4
analysis/bmr_multitask/EuroSAT/orthogonality_margin_path/endpoint_summary.csv	670	c25cce825e64df0c79770c4661411080f2c149c3d8702c3c5496781836b74707
analysis/bmr_multitask/EuroSAT/orthogonality_margin_path/geometry.json	537	aed2e66bb4f2d4d75dfca61544b785d39bbc466cad8e626be4fd1c91620f307f
analysis/bmr_multitask/EuroSAT/orthogonality_margin_path/orthogonality_margin_path.pdf	26029	dc99fb0ba8477b1f2addddf7e590b8213a4ffd130a3500a7a74ea8e121c86c9f
analysis/bmr_multitask/EuroSAT/orthogonality_margin_path/orthogonality_margin_path.png	271616	067c876cad7f602d746e90ad4ba1036a52470e6ec3abb43f641fdab88080301e
analysis/bmr_multitask/EuroSAT/orthogonality_margin_path/summary.csv	4360	ec7719c030f31ecd55cae6ffe4d608c1754fefed429ead137804003ef491ac6f
analysis/bmr_multitask/EuroSAT/patch/20260902_203947_dormant_target_key_patch_config.json	1921	b3d7fd04d916c936a05c992e316e7c02b5f754cdec5d0a5c45a916f75daddb39
analysis/bmr_multitask/EuroSAT/patch/20260902_203947_dormant_target_key_patch_summary.json	1861	d2e7eb2745e9c9c57265cb4ae27ea0e8639f65e7619e5c2db41cbf9f9b22745a
analysis/bmr_multitask/GTSRB/orthogonality_margin_path/config.json	814	68f53422686f17c10a116d5cb3581b273bfc9562e5201c7c51695273527ddada
analysis/bmr_multitask/GTSRB/orthogonality_margin_path/endpoint_summary.csv	741	bc2a17f5551215977cae3199bfb17d2af2fa0709d2599d41d35098a883e82427
analysis/bmr_multitask/GTSRB/orthogonality_margin_path/geometry.json	535	258a362712e919d5ee4c507eaf6ff7240314ae6e417370b501f011236b9f4b3b
analysis/bmr_multitask/GTSRB/orthogonality_margin_path/orthogonality_margin_path.pdf	25656	e6a90a93305f5fb763429bbd99568b2ab0512a6077605e32c25d859de02df88a
analysis/bmr_multitask/GTSRB/orthogonality_margin_path/orthogonality_margin_path.png	291714	1f1b2d25d5ec044c27acccd4b361696bed50f08074856e8bdc44fb6a4f2545b8
analysis/bmr_multitask/GTSRB/orthogonality_margin_path/summary.csv	4575	ba5f553bd49c6f9d47e4dffc99622b72a0104d79cf5b8749287f338183ad92ee
analysis/bmr_multitask/GTSRB/patch/20260902_230541_dormant_target_key_patch_config.json	1904	948cd8405dae7b483ae7dc16eef85d328df85b3b5b2e34f52b34207fae5a2977
analysis/bmr_multitask/GTSRB/patch/20260902_230541_dormant_target_key_patch_summary.json	1852	8df8c8c542198091e50b9d73988ae3b594bc9233f00e9f1f807b3aaad3c515e1
analysis/bmr_multitask/PETS/orthogonality_margin_path/config.json	812	6e3659acde8b743bce7af2f1d6b1a8c1e4e8cec14ee771198a4f6b6552a30fb5
analysis/bmr_multitask/PETS/orthogonality_margin_path/endpoint_summary.csv	743	379dc8073d50fcd57625e2daf38f84864d01077fab09853ca1faf1f08b15def3
analysis/bmr_multitask/PETS/orthogonality_margin_path/geometry.json	536	ced35854cda0e52ddf919b246c1bf452ef7b9497aaff11f67df267dc5150b9f0
analysis/bmr_multitask/PETS/orthogonality_margin_path/orthogonality_margin_path.pdf	26008	f277bd98f5abd0d49ed505624ec738522386e69a6fbfb2483c2b59ee1ba934b4
analysis/bmr_multitask/PETS/orthogonality_margin_path/orthogonality_margin_path.png	263802	7172b877bf9ec5481f89e523c7c550d2fa3e6806a14312bc3b57fa5fe7ef8798
analysis/bmr_multitask/PETS/orthogonality_margin_path/summary.csv	4537	8220e2f89c12baae2672e3cc6fc6ec54bffa2867d80410b2729dcd5c9fcd004a
analysis/bmr_multitask/PETS/patch/20260903_105054_dormant_target_key_patch_config.json	1893	fba6938f81c376922c7ece331849826dd100e25b1427bdeae4b236197df53a38
analysis/bmr_multitask/PETS/patch/20260903_105054_dormant_target_key_patch_summary.json	1841	a1b155a0fb34be31aa2031c06d2aac42adab38c718f66aa045d15726b67565dc
analysis/bmr_multitask/PETS_E77/orthogonality_margin_path/config.json	837	59b07effe7de5c124c9333ef6ae974d88d12c7acddf487439ebde2e4421ca58e
analysis/bmr_multitask/PETS_E77/orthogonality_margin_path/endpoint_summary.csv	755	e785bac5a13fee7101a25f0a3cf8376b65b37d9526f23f4ea3ed850232484585
analysis/bmr_multitask/PETS_E77/orthogonality_margin_path/geometry.json	536	ced35854cda0e52ddf919b246c1bf452ef7b9497aaff11f67df267dc5150b9f0
analysis/bmr_multitask/PETS_E77/orthogonality_margin_path/orthogonality_margin_path.pdf	26010	467a81a1f50af5ad2611a6e9e2cd0fb35ed7136afd283727d82f5b5d5b28320f
analysis/bmr_multitask/PETS_E77/orthogonality_margin_path/orthogonality_margin_path.png	264834	9433aca473ccfa4f0592437ea98edc82caccad4d674cf94d4e94699874bbcf62
analysis/bmr_multitask/PETS_E77/orthogonality_margin_path/summary.csv	4669	8989e9ba06357be216b0b7f7973be29a455a9359f13138887618fc080ab01b71
analysis/bmr_multitask/SUN397/orthogonality_margin_path/config.json	816	f3571e9288deb10768c182d00b03f80bb809f89fd12ab3797172340792c21127
analysis/bmr_multitask/SUN397/orthogonality_margin_path/endpoint_summary.csv	736	c0de3578071d82b48160f809eeec225f0cb788a5b8a2fc1861f1cafe4839db65
analysis/bmr_multitask/SUN397/orthogonality_margin_path/geometry.json	538	9a5a8a3da03e2eac789214645c17772afc619fa54acbcc90f59b20d67d902c08
analysis/bmr_multitask/SUN397/orthogonality_margin_path/orthogonality_margin_path.pdf	26148	21c649902bbdb560480d0d4d929e82fb8785908281a323913fce3ed509c6cb3c
analysis/bmr_multitask/SUN397/orthogonality_margin_path/orthogonality_margin_path.png	296018	c38c45ce80552edd085642d06f6c2e0035c41742f51f90292eea2f8ddc5bcd69
analysis/bmr_multitask/SUN397/orthogonality_margin_path/summary.csv	4543	0d5a4043873a506cec86f225b3a788870ac3a31d4ca51a2261e6ed79281e233f
analysis/bmr_multitask/SUN397/patch/20260902_234756_dormant_target_key_patch_config.json	1908	170e2df0c212ec6a46a2232905429a6b16238746b99ebbf3c3dd845aa7fe4d0f
analysis/bmr_multitask/SUN397/patch/20260902_234756_dormant_target_key_patch_summary.json	1880	02a48945b9fa30467794c8e2e39d2b5d049653a423814cd4a152e1e18d7798e6
analysis/bmr_multitask/clean_trigger_dormancy/20260903_193618_clean_bmr_trigger_dormancy.csv	2759	ad1e89960be002d4d5ffafb97d63e459a8fa6a897e0a0cea067fe521c051f661
analysis/bmr_multitask/clean_trigger_dormancy/20260903_193618_clean_bmr_trigger_dormancy.json	8258	8dc3df11da7778c5f49ecb2577b6a1e60b5bad7599fa4ac6c2f80f8823b314cf
analysis/bmr_multitask_compare/CIFAR100/orthogonality_margin_path/config.json	859	402f7921531ecac90a0fbbdc762f615c11a3fbc99637409b5f935c42aa41dde0
analysis/bmr_multitask_compare/CIFAR100/orthogonality_margin_path/endpoint_summary.csv	1257	19871d550e9845c8f3c7a57c82db08dbe54c931c974b408f69055da629a430af
analysis/bmr_multitask_compare/CIFAR100/orthogonality_margin_path/geometry.json	538	02893ea088071c02fdad610104e273323b2a44dd20e50c3aa18ea0ce3ca8c6a5
analysis/bmr_multitask_compare/CIFAR100/orthogonality_margin_path/orthogonality_margin_path.pdf	29470	bbb242ab27ddca188d013e53851d908e3386da10fe1e5241279305106bab3ff9
analysis/bmr_multitask_compare/CIFAR100/orthogonality_margin_path/orthogonality_margin_path.png	429678	8c61446ace8dc036d881133e83e51afc3e7a491fefbc98c38e73bf64eb7fdec9
analysis/bmr_multitask_compare/CIFAR100/orthogonality_margin_path/summary.csv	8578	ea161d9807f4abb2ccbe87fdd1387740a1f873a0f213d2a93a9ecfed647914d3
analysis/bmr_multitask_compare/Cars/orthogonality_margin_path/config.json	851	c71e33d30b7517e65c58143d69dd4e8235306013a8acf109a0f25b633cfc153e
analysis/bmr_multitask_compare/Cars/orthogonality_margin_path/endpoint_summary.csv	1274	c1c9f315b2143780cb991e30dc9ee85ff37455755f88dbbbd9baea9f832878fa
analysis/bmr_multitask_compare/Cars/orthogonality_margin_path/geometry.json	538	72cc67e98b7e2686d07ab32bc700dd66236498a89fd61ba924293bb3ffaf8da3
analysis/bmr_multitask_compare/Cars/orthogonality_margin_path/orthogonality_margin_path.pdf	29706	a14b0226b20108276d95160a2725dfed09845bb08c8d357e0c758075edca7266
analysis/bmr_multitask_compare/Cars/orthogonality_margin_path/orthogonality_margin_path.png	406839	ae7fe3679f47b2e95b64f5957fff10059894b6b8f4a055adeafb5a23bb045f6f
analysis/bmr_multitask_compare/Cars/orthogonality_margin_path/summary.csv	8746	1906b428ae17d7ea5fec57658c200ffc2ae3a579c93e32a68b6aee17b647e472
analysis/bmr_multitask_compare/EuroSAT/orthogonality_margin_path/config.json	857	e4476c6d2cc979252f030aacae946b051f977db40ef1826499eddb962b128977
analysis/bmr_multitask_compare/EuroSAT/orthogonality_margin_path/endpoint_summary.csv	1130	c9094ed286f95cd88276d40bb0245a9b112913eec66e302fc9753b5749bb2da5
analysis/bmr_multitask_compare/EuroSAT/orthogonality_margin_path/geometry.json	537	aed2e66bb4f2d4d75dfca61544b785d39bbc466cad8e626be4fd1c91620f307f
analysis/bmr_multitask_compare/EuroSAT/orthogonality_margin_path/orthogonality_margin_path.pdf	29290	70ceee15b88176e6ab849d953b7cf2f501122f6be683c784b6fc65e4227ffc62
analysis/bmr_multitask_compare/EuroSAT/orthogonality_margin_path/orthogonality_margin_path.png	402194	7846fffa0b40bd5e43341023307ec0a691343abc361ec5d7afdb3ff9f3200470
analysis/bmr_multitask_compare/EuroSAT/orthogonality_margin_path/summary.csv	8179	15c6c31f9a5009aafb9ffbc8437cebcdfdb714c72cc088fd28a880dc5e650daa
analysis/bmr_multitask_compare/GTSRB/orthogonality_margin_path/config.json	853	555ed8aaf4aa3934a750fb627a1592ee9361a8d389c30ddc1e1c3d8e914ae2ef
analysis/bmr_multitask_compare/GTSRB/orthogonality_margin_path/endpoint_summary.csv	1278	f353166ca6f88cd95ee2a726262a5d402dee58bf87f5e2200b6df5765c741494
analysis/bmr_multitask_compare/GTSRB/orthogonality_margin_path/geometry.json	535	258a362712e919d5ee4c507eaf6ff7240314ae6e417370b501f011236b9f4b3b
analysis/bmr_multitask_compare/GTSRB/orthogonality_margin_path/orthogonality_margin_path.pdf	29516	3a585d6e45dbe70909d5b29b6b9a4d6a0b5886386e62965c9495740f7fa0f9dc
analysis/bmr_multitask_compare/GTSRB/orthogonality_margin_path/orthogonality_margin_path.png	440456	89e39221f26c44180659691891555f9758d8b8ff130ef623ab08754f77111c03
analysis/bmr_multitask_compare/GTSRB/orthogonality_margin_path/summary.csv	8825	8c38f01dc5ae4b3bda23c0e42a1a21fafd3c73c9b20252a397113f08d8dcf513
analysis/bmr_multitask_compare/PETS/orthogonality_margin_path/config.json	851	8898878c66980afe82d9ba48fb762b621536fe089e91c08772cc6560ec0e7688
analysis/bmr_multitask_compare/PETS/orthogonality_margin_path/endpoint_summary.csv	1273	57da125e7456844f0317424033c1a2428ee5aadd36a32a337ac8f5c79f6d7b93
analysis/bmr_multitask_compare/PETS/orthogonality_margin_path/geometry.json	536	ced35854cda0e52ddf919b246c1bf452ef7b9497aaff11f67df267dc5150b9f0
analysis/bmr_multitask_compare/PETS/orthogonality_margin_path/orthogonality_margin_path.pdf	29441	fb3475811fe40b92cfde6fe189b14f68c14ba9f02986aafd90d69ac07df3a8b9
analysis/bmr_multitask_compare/PETS/orthogonality_margin_path/orthogonality_margin_path.png	409607	6d6ccb9a86fa81f2122da3defadf0fd2aee496d0a8fe5fea21ccdaa566132a56
analysis/bmr_multitask_compare/PETS/orthogonality_margin_path/summary.csv	8620	a0600a7e418084b8205b61cf49e8da3d43e671927899071a05ee7e3dd9bdb777
analysis/bmr_multitask_compare/SUN397/orthogonality_margin_path/config.json	855	fbb9a9bd77d400b70bb8c3b7d953439cfacfde70a8622e362ae5d6fd1f8e7deb
analysis/bmr_multitask_compare/SUN397/orthogonality_margin_path/endpoint_summary.csv	1270	d7e7425593abc9ad787f6ace7eba427d58157be9805cbfb422bd67a3aaf71d56
analysis/bmr_multitask_compare/SUN397/orthogonality_margin_path/geometry.json	538	9a5a8a3da03e2eac789214645c17772afc619fa54acbcc90f59b20d67d902c08
analysis/bmr_multitask_compare/SUN397/orthogonality_margin_path/orthogonality_margin_path.pdf	29674	7d4e59ca68b56dfebe59981f69d37e7c53cd2847d65a99788649690c9338a756
analysis/bmr_multitask_compare/SUN397/orthogonality_margin_path/orthogonality_margin_path.png	428239	ca153e1d7d28b200ac2c72a8eb08a9aba1ab304aadf1992bbff0bc25e20bd546
analysis/bmr_multitask_compare/SUN397/orthogonality_margin_path/summary.csv	8745	5916b69ce5614e2e677d31cd27de8bdcbc2625446ecb4ddc263f53b22b0c214e
analysis/bmr_multitask_smoke/CIFAR100/patch/20260902_201023_dormant_target_key_patch_config.json	1945	05bd9fc02c0207cea140c27df4d0981197183d15c786ecdea1a4f6a8194c1ce5
analysis/bmr_multitask_smoke/CIFAR100/patch/20260902_201023_dormant_target_key_patch_summary.json	1851	34d8bd8ad20d3f95ebaa77921f72c114a3d166ef747d9c76b46f1f5f7f20e7d7
analysis/bmr_multitask_smoke/CIFAR100/patch/20260902_201112_dormant_target_key_patch_config.json	1942	1f0787a311ce182de9dbebb4b6a78ecf5caddd0048f0ffd3dd85f4c0d42e0ac8
analysis/bmr_multitask_smoke/CIFAR100/patch/20260902_201112_dormant_target_key_patch_summary.json	1846	1cd7afd06995bba7d170c9deeb7222ec8718bf9665be40c68847ec173eea99ae
analysis/bmr_multitask_smoke/CIFAR100/patch/20260902_203044_dormant_target_key_patch_config.json	1942	152ab5c59e0daeb872cf8b83eebfd75a9e4e4a2ae9498a1fe3aa0baaca5f2773
analysis/bmr_multitask_smoke/CIFAR100/patch/20260902_203044_dormant_target_key_patch_summary.json	1847	55abdc43e6bc2f96f06c0c5b6d6fd28c1fad0705df0778769f0d1f25dc88b1b5
analysis/bmr_multitask_smoke/Cars/patch/20260902_201821_dormant_target_key_patch_config.json	1909	4ab8fa45c87f04d0fb713ca874d6a5be8e0f0fc8e1c5d180545219a3d0539520
analysis/bmr_multitask_smoke/Cars/patch/20260902_201821_dormant_target_key_patch_summary.json	1828	10a6407b49fde81ecbb85cf24a477981cb236cdd9ccad10cd83643747363b3cf
analysis/bmr_multitask_smoke/Cars/patch/20260902_203315_dormant_target_key_patch_config.json	1906	861c091ec6a061fc5dad9049d490c94f33929615565eea88089310c1a31d9950
analysis/bmr_multitask_smoke/Cars/patch/20260902_203315_dormant_target_key_patch_summary.json	1817	7d2794100278a1256784691eeb7938a44fc7081a1ffd7b04fe36282cc9b3186d
analysis/bmr_multitask_smoke/EuroSAT/patch/20260902_201602_dormant_target_key_patch_config.json	1938	809e4a5f34c71f7c188daee458dafb7f45a4cd4f683acd4c1bbdf791db1ba3bb
analysis/bmr_multitask_smoke/EuroSAT/patch/20260902_201602_dormant_target_key_patch_summary.json	1895	2b6d300f5f4e8d9c5a76ea2a9368a7012319b3c2633b5c8ce25abc66100d837d
analysis/bmr_multitask_smoke/EuroSAT/patch/20260902_203226_dormant_target_key_patch_config.json	1935	8d3232c429fe5ee24e644d14c89a76bbf9f6f7ec3620f698e3934cd9476c7d7a
analysis/bmr_multitask_smoke/EuroSAT/patch/20260902_203226_dormant_target_key_patch_summary.json	1887	f7987b2b1e3a55d5c0a0ba3caa6b2e99e23362de6fa59b9cc6bccdd0eb460495
analysis/bmr_multitask_smoke/GTSRB/patch/20260902_201338_dormant_target_key_patch_config.json	1921	36d8bc727a22c4954bceacd311c76ba883a34978dfb7010d35fda9d4c9bdce12
analysis/bmr_multitask_smoke/GTSRB/patch/20260902_201338_dormant_target_key_patch_summary.json	1838	655d70345f36e958ce7d395f2858dc131702fb495fda37d494fcb6fa554c34ea
analysis/bmr_multitask_smoke/GTSRB/patch/20260902_203138_dormant_target_key_patch_config.json	1918	88d7fd724a698a089808b7158de87625926cb78d8e42c51862246b83777c5eca
analysis/bmr_multitask_smoke/GTSRB/patch/20260902_203138_dormant_target_key_patch_summary.json	1835	3a61861ce1e4361b50d5fb0048ad8263cdd3b9696847572182f5aa876b148211
analysis/bmr_multitask_smoke/PETS/patch/20260902_203703_dormant_target_key_patch_config.json	1908	0bc90d72bef095663f29c303cbc3fee03df5bf497bf375d8e7ebefb30946fcc9
analysis/bmr_multitask_smoke/PETS/patch/20260902_203703_dormant_target_key_patch_summary.json	1826	80f13ee05fc018f3d7f9a3c14e91efb56c996740836207d1aa59ed3076a6706c
analysis/bmr_multitask_smoke/SUN397/patch/20260902_202714_dormant_target_key_patch_config.json	1927	06440489d882888e924a0e6d7f6ed33c21adb180dde088bde7af1f1cc25dbe69
analysis/bmr_multitask_smoke/SUN397/patch/20260902_202714_dormant_target_key_patch_summary.json	1839	491529be3fc269c8af3f9b634c71f25d424b294eba4edff28ec6393dfc3b828b
analysis/bmr_multitask_smoke/SUN397/patch/20260902_203424_dormant_target_key_patch_config.json	1924	b3115265032347c431594f36e6b9a2d560a1fca8be33e98237bd45bd70b62faa
analysis/bmr_multitask_smoke/SUN397/patch/20260902_203424_dormant_target_key_patch_summary.json	1833	c52a1cc6941461cbd6e875589471c3ec4720132b097e9a86442bd8db342ee83f
analysis/bmr_smoke/clean_dormancy/20260903_144040_clean_bmr_trigger_dormancy.csv	285	ba8bce426a27921c0ac2319dec5a3f5f73db1c63fd8a950a4bf9d591b6c1ee59
analysis/bmr_smoke/clean_dormancy/20260903_144040_clean_bmr_trigger_dormancy.json	1138	72b21bbfa29f20bbd2eb7349d56dc69983de9d050da3df4051cd1c9b2d0df15b
analysis/bmr_smoke/mechanism_compare_cifar100/config.json	733	614c264cb5b12dbdbf9c76b8af06fe6e200df4d6dde4389deee298d3b8b0de9e
analysis/bmr_smoke/mechanism_compare_cifar100/endpoint_summary.csv	457	58fa91e66e5c38b9e519997e61c3f60d087b0a55cbbcd0de5750604a3a470c62
analysis/bmr_smoke/mechanism_compare_cifar100/geometry.json	177	6670ca3723a169f5c6cbcfc14f05d3f36027730ccdf8150f3a471da7a74299f1
analysis/bmr_smoke/mechanism_compare_cifar100/orthogonality_margin_path.pdf	24624	63eee0a334cedbd9e0216de845133165b125f0e3d871f86d309da31faaf748d5
analysis/bmr_smoke/mechanism_compare_cifar100/orthogonality_margin_path.png	261394	4efbade4a1c67b160183c61efccec5a8d21e5129f159dbfa14c3804a98cb13bc
analysis/bmr_smoke/mechanism_compare_cifar100/summary.csv	569	99df369af8fa8803b4ab4d599ba06c1e59088f05ffeecd3f940c8b497981d169
analysis/kdr_dtk_ccr_final_state_readout/20260708_161400_kdr_dtk_fsb_final_state_readout.json	68424	4c5661fbe4e4b2ab7a7e91c1845a505bcdd90a5b55496d9f16c0dfc2df001229
analysis/kdr_dtk_ccr_final_state_readout/20260708_161400_kdr_dtk_fsb_final_state_readout_samples.csv	2001739	3d98f38cc54dc29c9a2795e50ccdd7518f0a2ccc671772db774969b9461f1454
analysis/kdr_dtk_ccr_key_causality/20260708_160702_kdr_key_causality.json	34490	fe525aa1690b660bde3cacee376d86edabcf4a95a43c6bb678739513be0603a4
analysis/kdr_dtk_ccr_paired_transport/20260708_161411_fsb_paired_transport.json	62034	ac9e3bbc2d10c7999872aa258b6624f281065ca5cd6b23bfe435dba9c33b9489
analysis/kdr_dtk_ccr_paired_transport/20260708_161411_fsb_paired_transport_samples.csv	4688822	0a627dae0f76ab67ec9fcd541c1339b2683f30f5b0905e7371da3c730c682833
analysis/kdr_dtk_ccr_paired_transport/20260708_161411_fsb_paired_transport_summary.md	3867	42ce2e063e1bc561b1055dd68ebd5a89f317aea2895b77f1cdb25fc73b6a2af6
analysis/kdr_tdk_bmr_patch/20260709_093059_target_directed_key_patch_config.json	1680	0dea37e57cdf7dca719c5b661d7fb94f4dc02ccebdfd84f219d87032535a1924
analysis/kdr_tdk_bmr_patch/20260709_093059_target_directed_key_patch_summary.json	977	0576999225210160423259b4d40e3cdd7cc10beadd2bb3e287d49baa5be27234
analysis/nullspace/ViT-B-32/nullspace_e0.95_r128_stats.json	292	b52f115d14b517d34a4184065add47b3b2ea3270b8794819f9211211fbfd339e
analysis/nullspace_smoke/ViT-B-32/nullspace_e0.95_r32_stats.json	292	7fc2b9e54b265a57aaa2f603379069320f92d20aaed22987df7801cf6a63d71a
analysis/orthogonality_margin_path/config.json	860	25cf57961d90bae2d5cc25aa6ecd11cab3ae765daf7335a7c1581547acad71b3
analysis/orthogonality_margin_path/endpoint_summary.csv	1367	e2ee5231215d9967d1d1954828efbed8f63a3ecd61dd7a9bb4f68545f1f1c1dc
analysis/orthogonality_margin_path/geometry.json	538	02893ea088071c02fdad610104e273323b2a44dd20e50c3aa18ea0ce3ca8c6a5
analysis/orthogonality_margin_path/orthogonality_margin_path.pdf	29211	713706aeebc84b1579ee9321e4421d2b80f5ebfef3a9b68cc2aca3fb38985e91
analysis/orthogonality_margin_path/orthogonality_margin_path.png	398387	ba418af2c4c4ccbeb78cb3312a6c748635562f3b0a68469111f519c065062528
analysis/orthogonality_margin_path/summary.csv	9791	5d973661209968977046a104a87ec83ea022944ca9cfdfaad7d0770fa808cb49
analysis/orthogonality_margin_path_baseline/config.json	859	4602585055a706edf68f2b9a6a3c11bb5b79d77ce3eb8278f62415042d36fbfd
analysis/orthogonality_margin_path_baseline/endpoint_summary.csv	1323	a1ea8f3033a0dc52cf0a4699ad1890e115683907f489199b63c3eac82353a10f
analysis/orthogonality_margin_path_baseline/geometry.json	538	02893ea088071c02fdad610104e273323b2a44dd20e50c3aa18ea0ce3ca8c6a5
analysis/orthogonality_margin_path_baseline/orthogonality_margin_path.pdf	29476	f3474e2e174aaf70a31f1dbcde75d445f583d6c0c4100cf4dfe393a2936c31dd
analysis/orthogonality_margin_path_baseline/orthogonality_margin_path.png	433728	5f9bdc5e0960f9389521c28e87351d683911b1d1b5d83b2baa7cc567b1bcfbf6
analysis/orthogonality_margin_path_baseline/summary.csv	9304	f149ec12242ed7a7ab05fb5180accd81f2b833ebab0b120d464d7ef4fdb3fa5a
analysis/orthogonality_margin_path_smoke/config.json	758	571839d8f4a29ce7ec1400df3be08200417433ae1a46be6c01928202f94f1dc4
analysis/orthogonality_margin_path_smoke/endpoint_summary.csv	492	15ab091b28034a40e633f53070d217138b126f6322b01bf23ffa44c44ad653db
analysis/orthogonality_margin_path_smoke/geometry.json	177	6670ca3723a169f5c6cbcfc14f05d3f36027730ccdf8150f3a471da7a74299f1
analysis/orthogonality_margin_path_smoke/orthogonality_margin_path.pdf	23234	3244774defd53205c34a6e8f62ed88514067372d2c7120333d702e05f846fce6
analysis/orthogonality_margin_path_smoke/orthogonality_margin_path.png	274560	5aad9ee7073bb018904a6b4298b9d7d467752158cb6839f4dbfffdd0b29ca8c1
analysis/orthogonality_margin_path_smoke/summary.csv	879	414f227405c616dcdc9cdfce384afea1ac5403e31f2e58711c4b22a67ca8b1db
bmr_paper_results/README.md	4843	3912d490d032b8557a6c4a0b93c03f9d15990867fa8ea867d45abec78cf94c4e
bmr_paper_results/bmr_best_main_results.csv	3650	37bef9cad4248dd9db63a11e7d34ab0ffdd248b7c2e90b579358d3332bd4ccb9
bmr_paper_results/bmr_proxy_training_stats.csv	1268	5c5c3b5ff931250ac453f1569e1943ebe5d704c34de068308f46fb50a1394a9d
bmr_paper_results/bmr_vs_badmerging_on_endpoint_summary.csv	9907	933f5bca070c81bf20b712ba1062579c14dda6bf51cc67ebca784b1f75ba9f47
bmr_paper_results/clean_bmr_trigger_dormancy.csv	2759	ad1e89960be002d4d5ffafb97d63e459a8fa6a897e0a0cea067fe521c051f661
bmr_paper_results/figures_bmr_vs_badmerging_on/CIFAR100_bmr_vs_badmerging_on.png	429678	8c61446ace8dc036d881133e83e51afc3e7a491fefbc98c38e73bf64eb7fdec9
bmr_paper_results/figures_bmr_vs_badmerging_on/Cars_bmr_vs_badmerging_on.png	406839	ae7fe3679f47b2e95b64f5957fff10059894b6b8f4a055adeafb5a23bb045f6f
bmr_paper_results/figures_bmr_vs_badmerging_on/EuroSAT_bmr_vs_badmerging_on.png	402194	7846fffa0b40bd5e43341023307ec0a691343abc361ec5d7afdb3ff9f3200470
bmr_paper_results/figures_bmr_vs_badmerging_on/GTSRB_bmr_vs_badmerging_on.png	440456	89e39221f26c44180659691891555f9758d8b8ff130ef623ab08754f77111c03
bmr_paper_results/figures_bmr_vs_badmerging_on/PETS_bmr_vs_badmerging_on.png	409607	6d6ccb9a86fa81f2122da3defadf0fd2aee496d0a8fe5fea21ccdaa566132a56
bmr_paper_results/figures_bmr_vs_badmerging_on/SUN397_bmr_vs_badmerging_on.png	428239	ca153e1d7d28b200ac2c72a8eb08a9aba1ab304aadf1992bbff0bc25e20bd546
docs/BMR_项目迁移与完整实验说明.md	21736	9f84e447945b22fd3482e1a99fe2d5866189bb9f45cbf523f7465f5ae949dcc0
docs/KDR_DTK_BMR_ASR_RESULTS.md	2158	43f79ef9d03ccc770cca6519d037a4946405039d3610da3e5a20f9ce817d9fda
docs/KDR_DTK_BMR_Implementation.md	2452	8646ba4005b3c60cff70de23ffe1603e1c3b83a19a158d8d83484d531a2a2fad
docs/KDR_DTK_CCR_COMPLETE_RESULTS.md	3986	2a3cc7cdd2e3f9c7015e8b7adc79fde75536a4fb3eb83dfffddb2ab5b2b0c47d
docs/KDR_DTK_CCR_Implementation.md	1006	839d309e292e08fe31909a71274bd1d293014ec84f9f4cfdee86cee082f567dc
docs/KDR_DTK_CCR_RESULTS.md	12601	e38027d3b21323095336b79fa049360e7a28f811fd83a64e9e65ec02cf13abd7
docs/KDR_TDK_BMR_ASR_RESULTS.md	2779	1f732b477a10dadb7a30cbd4a6db7c1ac1521cec86cf0fe84f140a4601cea0da
docs/PA_SubMerge_Implementation_Patch.md	24105	13390388ecdaa15359455d670da7cbe2fe3d3aa1f6e447ed8bb55d07d59c766b
docs/SUBMERGE_RESULTS.md	3460	4d509c1e87fce36b7eb338b8708431ff32e37afe4548b4542437d21dac4c9202
docs/SubMerge_Implementation.md	53621	a37bef38164e60216542fc7a3417295e3516f053a99d4fc34a30a6c4f6f55abf
docs/SubMerge_Selectivity_Method.md	2512	d7823f6998778c6efd030e968285a9bdaffcbfdd0959c8250727eca4195f986f
docs/新方法_实验效果与结果整理.md	13343	4e29d50fe4f7fb31f67bdeec6d075afb1d7f3dd1febe948a2c6031bb592358e5
figures/src_vis/Clean_ap.png	1860	bf319bd5fd39a11955275191822fc5f66cdcafadc86abe1df10d0e12d3d9eb3e
figures/src_vis/KDR_DTK_BMR_ap.png	2337	4c0bbea85d138aa98ba23e2e0179ca001524e8eec7b086fd206eaf8d83c9aef9
figures/src_vis/KDR_DTK_CCR_ap.png	2139	46983b1a1ada95282755d6e427b810ca22ba3ed1bb526267ecbe42b2d66bb46e
figures/src_vis/KDR_TDK_BMR_ap.png	2157	61790a4eccc1fd4436de3ab224ddcce97538715e082f94525c4ef0d108c55f53
figures/src_vis/On_Cars_Tgt_1_L_22_4.png	84382	404f478b090bded55a16323ba323990395b7086500c02cb57b656f732a2a51be
figures/src_vis/On_Cars_Tgt_1_L_22_9.png	60375	a5779ce6450dfc344d9a7d3b8dd03f20b7d8a12acf4c3489024f7f0a21ee857f
figures/src_vis/On_EuroSAT_Tgt_1_L_22_4.png	55546	981a6848228276d610da4a2aedc86678b26786adb33ba1876b7bef6c5f6092e1
figures/src_vis/On_EuroSAT_Tgt_1_L_22_9.png	39051	ac7d06a02a040804f50aacc5b98c3401fa2350e9bb00f6e56fd759480bccfeb4
figures/src_vis/On_GTSRB_Tgt_1_L_22_4.png	47859	c45da62be7b0507c65430deb74c5234338d04a09e00059745a5e6deb313a78a4
figures/src_vis/On_GTSRB_Tgt_1_L_22_9.png	37368	4ec083a3f439bdb61934b323091efa5043ba939c9f250b88c38cb65c40daeb18
figures/src_vis/On_PETS_Tgt_1_L_22_4.png	87182	0c31af289cbac2b71dcbe0c1dcec43cce475a71435112afe54adefb329ed482d
figures/src_vis/On_PETS_Tgt_1_L_22_9.png	107874	6ce75373ba75b833bd35dde55add5b34c8dd4289a69e805a545ddb97a323bc7d
figures/src_vis/On_SUN397_Tgt_1_L_22_4.png	77505	f07fdb3dfe242d0655cdbaa2d93e6fec5e6ae8df4470034ad47e2d6a882b6354
figures/src_vis/On_SUN397_Tgt_1_L_22_9.png	123422	f2fbe31ee526f0c4329f95f3fe8b1c75b495207f9bb7033086bf66c883b94b7e
figures/src_vis/On_ap.png	2367	d8edd333e2ea6b14fb08e1fbd26a1d9e173623897b9b2cd345172e2136e4102f
logs/bmr_cars_e35_lr1e5_gpu1_20260907_111132.log	263571	6d515805acd0b2312698833c81b469883f8d1b1a538e6690e8c6f99e20195354
logs/bmr_cars_e35_lr1e5_nohup_20260907_111059.log	0	e3b0c44298fc1c149afbf4c8996fb92427ae41e4649b934ca495991b7852b855
logs/bmr_cifar100_proxy_stats_gpu2_20260903_144110.log	727	8a21b268c17e01645564e9641445c2e8388979ccd1720d56a8ab0792e12254fd
logs/bmr_cifar100_proxy_stats_gpu2_20260903_193620.log	22435	b70d67fc46fc4e38021d2a7e245f55788c32e4ab2e08f23568f3d87f806556e6
logs/bmr_clean_dormancy_gpu2_20260903_144059.log	2037	60b66400d0c7a6ce0bbbcb150d2220da5a58a78eed2afe68d0372fd0911b908c
logs/bmr_clean_dormancy_gpu2_20260903_144215.log	229898	dff200d58f1928071325adc7e6089734a033f8333fdf85c9e2e88847c30761f6
logs/bmr_mechanism_compare_gpu1_20260903_144059.log	3279872	c1f5bc5855e1e39a1dac68582710d75f3bcb0c62bbdc6d0caaf126a0dc7c3638
logs/bmr_multitask_CIFAR100_gpu1_20260902_203806.log	6297	e41cf3954e3c6d7382753ff7dbb60ac4a8049d15046802766fde0524bf1b2fc7
logs/bmr_multitask_CIFAR100_gpu1_20260902_203900.log	212467	2e0d7ff3d3ec16ea6d5c546bc0c0eb30e82f89f0bf02bb34a2010f1edd7ad1e3
logs/bmr_multitask_Cars_gpu1_20260903_022915.log	270993	35e20e59bc36ee91908d5518ee6c111e2a4f66f23da66dd38f3babc6d57746c6
logs/bmr_multitask_EuroSAT_gpu2_20260902_203806.log	4679	e26f78dc93f9d8d5620eeeafd8b9a8096ce36eadc707d6e69ece5ed94a302758
logs/bmr_multitask_EuroSAT_gpu2_20260902_203900.log	235545	d42189587d0002ce6ef7ce56114219110e9a79de43371c6f3cba33569caef385
logs/bmr_multitask_GTSRB_gpu1_20260902_230434.log	257903	948776488d651680cb290a5d404f682dc2a8afca6cb281b2bcc4a05b36bc4589
logs/bmr_multitask_PETS_gpu2_20260903_105039.log	207527	ff9d0db788c62e7b6c982868930419b4a7dbc68ee925fa8f8b0cef2a445a63b8
logs/bmr_multitask_SUN397_gpu2_20260902_234503.log	276000	426b04657f2357177f985a8c743883b71514248c9dd81ed9f86203f35db5111e
logs/bmr_multitask_full_20260902_203806.log	200	f5cc7bee8f08ddae24b3c1447eade47d1b553b0f239fac8bebbce426ab14934c
logs/bmr_multitask_full_20260902_203900.log	256	69c4ddedabbd7bafa79c6b61abbbffe57cac2d04849ea7525a2654c7b65e893a
logs/bmr_multitask_gpu1_20260902_203806.stdout.log	6297	e41cf3954e3c6d7382753ff7dbb60ac4a8049d15046802766fde0524bf1b2fc7
logs/bmr_multitask_gpu1_20260902_203900.stdout.log	741363	e84f5a21b58232b4a10eca6d2397b0df228a695e24b4a6ea5a7d8eb50abdb394
logs/bmr_multitask_gpu2_20260902_203806.stdout.log	4679	e26f78dc93f9d8d5620eeeafd8b9a8096ce36eadc707d6e69ece5ed94a302758
logs/bmr_multitask_gpu2_20260902_203900.stdout.log	719144	d71438bed2209f3a1b2892c8846dee2beb4e1f39faaa74b9a33d90cbb86913c4
logs/bmr_multitask_smoke_CIFAR100_20260902_200753.log	1812	ba656214fc6d8bf8fca55aab5866fd57e8b7be4db826f297f4b6b8b64ad96373
logs/bmr_multitask_smoke_CIFAR100_20260902_200834.log	3039	3dcaa140357df9c4b88a1cbff4806a12cec87f78aba16f55fc57f4bc8b057de4
logs/bmr_multitask_smoke_CIFAR100_20260902_201056.log	24529	f9b1801d9972cf0944ecf385e7b55f4e29eeb5b950bcb09083505dd10ec106a4
logs/bmr_multitask_smoke_CIFAR100_20260902_203027.log	5665	1ea9898b93681ec53e382d1cfe751f607af248c18b6a92fda7deb8e409347d04
logs/bmr_multitask_smoke_Cars_20260902_201646.log	21205	fe80876ad81bc10b14642e4a8706a4c78874f684b56317ad34c4200c03bbc7f1
logs/bmr_multitask_smoke_Cars_20260902_203300.log	5843	8f3469cdaf7ac1bbd119e41d122eb50a11eaea07bb16bcee37184185e7d19118
logs/bmr_multitask_smoke_EuroSAT_20260902_201459.log	10678	6f365a59adec9db90596b9780473437adaa9d926aecc789091f04e5aaf3adf8e
logs/bmr_multitask_smoke_EuroSAT_20260902_203211.log	5764	fd31f18f0296b627da850c8931ad884ba1d5722871775621ee9509d1ac22f986
logs/bmr_multitask_smoke_GTSRB_20260902_201227.log	29532	2cd46cd659822c0139be8db81b1c750346aec639c32f83fa073a54059dbf3913
logs/bmr_multitask_smoke_GTSRB_20260902_203123.log	5630	e7d03439834bcaed14fe55c58e93806563bb3f0bf3f0fc889f353a482bf2b4cb
logs/bmr_multitask_smoke_PETS_20260902_203612.log	5651	c1513854332d572e3a45083a952fc3da193085c1cd3891a6cc5b4d3e7edd79fb
logs/bmr_multitask_smoke_SUN397_20260902_202253.log	7161	8e0478297c8eaf7b2d4e186ab39fe2d641c07592a689f6191d786c4eee10cc40
logs/bmr_multitask_smoke_SUN397_20260902_203409.log	5627	fa4bea604df3407a5679c1611258fb1d87f636de6af1cc7cb3edce528db89e3b
logs/bmr_pets_e77_complete_gpu0_20260903_142651.log	103171	a1bbb38f59cac56567ca6f2e95595740e2dce87b914fb3ee9418fbb49d19799b
logs/bmr_pets_e77_lr1e5_gpu0_20260904_135007.log	307109	2824b2942c04fb01eb9a24f09f3ee98ce5a755bc7a193c6bce91bc764dcf2946
logs/bmr_pets_e77_rescue_gpu0_20260903_124135.log	208446	6c06c8b57f1424fad2cea4ed8f2a9fbd31d6fa202d20a19bf1c93b8964fa6b52
logs/bmr_pets_e77_rescue_gpu1_20260903_123853.log	8410	7fcaabc6b7da4a8c82b51ba0ea1d2e1721c7d2bbcb5a32a175a6981d1a745849
logs/bmr_pets_mechanism_gpu1_20260903_121100.log	3620	c2b75092958df7ff60fa649e6124c4455ed4d90f183bc112524a220a1792b588
logs/kdr_dtk_bmr_all_20260708_225616.log	43194	14b540d59ace7d244bd35d0cda7950335c99cd25656cc036746d961e0f7a78f3
logs/kdr_dtk_bmr_eval_regmean_20260708_232814.log	7858	b09c1950d260ae73fc11b3a821f0a45a9a46dc50274607e932af53f65a62eb58
logs/kdr_dtk_bmr_eval_ta_ties_20260708_232814.log	10506	261e808987b7fa115f34b27f0a687e4e9ba045aa6c043e7a07a9e900780ef22d
logs/kdr_dtk_bmr_smoke_20260708_225616.log	2445	327710215e62ee7162b6a704f567b515f7513348c82173158e71d8978ce4c7a9
logs/kdr_dtk_bmr_train_20260708_225629.log	21778	9d832f697a39661e81ec85dbe03a40081e1df4247b46d08fe38b8a4c05ee29d3
logs/kdr_dtk_bmr_utility_regmean_20260709_010547.log	1780	9dad528285d49dc09f291bece487ec721d0bceba2f6f189d1f1e4284b8c0a645
logs/kdr_dtk_bmr_utility_regmean_20260709_013856.log	3065	e51576a60476faa8adccd848ae2472932219ee7ace0e134ee44d06d753fce8f0
logs/kdr_dtk_bmr_utility_regmean_20260709_092734.log	36136	1fc0bcd85d9f8c9a11a8c39f90b7bab09f31f28047e2e969a64e8e7de3b4fd4a
logs/kdr_dtk_bmr_utility_ta_ties_20260709_010547.log	67803	8650f3b068277e93a2be44af4fe01e9e7e25fca3e2cebc89c5162ad1f26eaf1e
logs/kdr_dtk_ccr_eval_adamerging_20260708_170052.log	102073	0f0bc7b3febaa6e9f473bd2fd9feb8c7ecd51b7fa6678890b1e1c09fdc2b852d
logs/kdr_dtk_ccr_eval_regmean_20260708_151258.log	1796	29f6a1ba3d7508103483b89a07819c79bedb94ab198af51cd68e11207e5cf332
logs/kdr_dtk_ccr_eval_regmean_20260708_151439.log	539	0641fd7095d2e7917bc05e88419854c1f344dfe0ed020c2a7eb65907648225bd
logs/kdr_dtk_ccr_eval_regmean_20260708_151552.log	7858	88629e949a50c8a20cffdf55695e1f28a2d903f4f7b5b073659e45be1856649f
logs/kdr_dtk_ccr_eval_ta_ties_20260708_151258.log	10541	81ec4164099d3e270a9641f6e8c2ddcb5754227e9307d83bba73d95e2abf2618
logs/kdr_dtk_ccr_eval_ta_ties_20260708_151552.log	10506	1455299f0f6d601836007071c576a84ed57643993b2c9765376937d421a4d4f0
logs/kdr_dtk_ccr_final_state_readout_20260708_160710.log	19899	5f1df6cb9086aac46f73a34d295d0a262ea4cd4426270449f8d76b0a6230cef6
logs/kdr_dtk_ccr_paired_transport_20260708_161411.log	3848	5f6b15478562179505a19d7eceefa1a23aa538e1b719773b4e5f53d5d2897a1c
logs/kdr_dtk_ccr_smoke_20260708_143034.log	3319	2a89307e08186e54f20fd8a17b9fdc2ab259a987f8a1b7638770551e5087df07
logs/kdr_dtk_ccr_train_20260708_143053.log	26140	b5a7d556c0ef4c5a17279582f2cc388b9274187fe2f78ab3525223360b584bab
logs/kdr_dtk_ccr_utility_regmean_20260708_162235.log	1811	8cb912d35898f40ef6aecf3dbd1734db7a71c5d42e4399a87bd7a3de76f722d5
logs/kdr_dtk_ccr_utility_regmean_20260708_165611.log	36136	d9041aa194ff903ddf5bd3de1a658a024e6fd19ca1a3602634dd0b09fa3bcc82
logs/kdr_dtk_ccr_utility_ta_ties_20260708_162235.log	67816	bc27267a885df8e1a49a54418ec01d2c0db89387523685e9cf93df93a7dacd34
logs/kdr_tdk_bmr_eval_regmean_20260712_001857.log	7858	d49618e70179f98f0dddd90308069ba1d6e38bf267b198ca206712fa9bb7fb09
logs/kdr_tdk_bmr_eval_ta_ties_20260712_001857.log	10518	dc967e0079e700b0ef6145bd927c7a8fd401e155836627ddc423c96cec078854
logs/kdr_tdk_bmr_optimize_trigger_20260709_092932.log	6196	81765f2341e75d77f90dc98e10f3b88719fd08238cb1c6225c79e925c08faa91
logs/kdr_tdk_bmr_train_20260709_101900.log	21671	37959e0a60cdc28fe9272a2b9eedd5026d182de169c3745e417d3bd118e4f09c
logs/orthogonality_margin_path_20260712_005914.log	0	e3b0c44298fc1c149afbf4c8996fb92427ae41e4649b934ca495991b7852b855
logs/orthogonality_margin_path_20260712_005933.log	0	e3b0c44298fc1c149afbf4c8996fb92427ae41e4649b934ca495991b7852b855
logs/orthogonality_margin_path_20260712_005949.log	0	e3b0c44298fc1c149afbf4c8996fb92427ae41e4649b934ca495991b7852b855
logs/orthogonality_margin_path_20260712_010025.log	1472	2eb816cd444be8bc1e5cb2500e86386f6c440e7d1d544e3c4a62e76bda30b519
logs/orthogonality_margin_path_20260712_010106.log	1044	438dc9f894e057292dd310ef502e841ab0255a1ac5e097ff85f97b3077595861
logs/orthogonality_margin_path_20260712_010213.log	12701	cd86ee948bc4d09941bb1ab2edc15fdae6352aff166f2cb5cfb43a82cf17af29
logs/orthogonality_margin_path_20260712_120018.log	5947	abf5304d1a87910e0f2b583db23c7b8acfb801da3d763121a0b704a35d213f9a
logs/orthogonality_margin_path_20260712_120153.log	3019	9698097f019ee6fce6088068e6cc3fa38e2d0d6a34eb16c1b6b071d1834a1f95
logs/orthogonality_margin_path_20260712_134500.log	3410	b8ab852d2fa4f776950510d9c82f8bb36aae9d0fe4abb1fb6c9bd695ea82ddea
logs/orthogonality_margin_path_baseline_nohup_20260712_134459.log	3430	a0c96479f0a48e568c1da02f6a8e8dd1b9bdd57f56eba53bf72981a2afd5904e
logs/orthogonality_margin_path_nohup_20260712_005914.log	0	e3b0c44298fc1c149afbf4c8996fb92427ae41e4649b934ca495991b7852b855
logs/orthogonality_margin_path_nohup_20260712_005949.log	0	e3b0c44298fc1c149afbf4c8996fb92427ae41e4649b934ca495991b7852b855
logs/orthogonality_margin_path_nohup_20260712_010106.log	1044	438dc9f894e057292dd310ef502e841ab0255a1ac5e097ff85f97b3077595861
logs/orthogonality_margin_path_nohup_20260712_010213.log	12701	cd86ee948bc4d09941bb1ab2edc15fdae6352aff166f2cb5cfb43a82cf17af29
logs/orthogonality_margin_path_nohup_20260712_120018.log	5947	abf5304d1a87910e0f2b583db23c7b8acfb801da3d763121a0b704a35d213f9a
logs/orthogonality_margin_path_nohup_20260712_120153.log	3039	c958808a8644cf4a9ced9be9178faf93e0fee238a2ee8def352ce1cd08661f60
logs/orthogonality_margin_path_smoke_20260712_005742.log	1072	588009034972a66a64a67f9dc898fa98861a556e676e59dd7629a8da11452aa8
logs/orthogonality_margin_path_smoke_20260712_005829.log	472	b7e060039721415ade3f139b6034ec129eb23203a9430482c8b2a7faf7aff1cd
logs/orthogonality_margin_path_smoke_20260712_134409.log	462	b602d61cb5215189008e39f637a1b806a98d198d799f4178d849b928afdef0e6
results/bmr_multitask/20260902_203911_KDR_DTK_BMR_CIFAR100_tgt1_L22.json	2121	f0c282e6c3a7693d625536a72c8cd3f09b8b50b70fb313b55082240addee26a3
results/bmr_multitask/20260902_212720_KDR_DTK_BMR_EuroSAT_tgt1_L22.json	2141	a8e7dc2edf7b8a95ac99e230498ad4d9e86823bf1bb784ac3b2d271fb58cce38
results/bmr_multitask/20260902_235727_KDR_DTK_BMR_GTSRB_tgt1_L22.json	2143	5f446c76d69583d16f8b25a4e38d828b7f63e5ebc6c777c6934f731a2e3048ea
results/bmr_multitask/20260903_003415_KDR_DTK_BMR_SUN397_tgt1_L22.json	2146	bd0055cfdafd25c90527a85b1fe48b289632d3dd070ff86292a32e427624910a
results/bmr_multitask/20260903_031356_KDR_DTK_BMR_Cars_tgt1_L22.json	2155	c3d37fe968a89f634c6de7d77ddae96282704b186dbe1d03c98a11055e4421a1
results/bmr_multitask/20260903_105541_KDR_DTK_BMR_PETS_tgt1_L22.json	2155	cf0c47241189940fe376a283c82cf552fed31f207f58b55d28ea3aae7cfe0a28
results/bmr_multitask_cars_e35_lr1e5/20260907_114941_KDR_DTK_BMR_Cars_tgt1_L22.json	2283	13f69134f57d812310d1593201f4933278ea6efea997115a3bcabfa1907dbef2
results/bmr_multitask_pets_e77/20260903_131859_KDR_DTK_BMR_PETS_tgt1_L22.json	2243	f9e4aace65f06833a8f9e3478868881fe5af8e84e4afe56e66d15ee09f64bf6b
results/bmr_multitask_pets_e77_lr1e5/20260904_142738_KDR_DTK_BMR_PETS_tgt1_L22.json	2267	9cc8665f0f3ecc9d482623fcc3a0e519e9b2d46a0a35a188ff60ccde9475009f
results/bmr_multitask_smoke/20260902_201135_KDR_DTK_BMR_CIFAR100_tgt1_L21.json	786	e22204256ba660aeaee91d63e302d6c78e97f580dab9caea4a10956bde41cb34
results/bmr_multitask_smoke/20260902_201359_KDR_DTK_BMR_GTSRB_tgt1_L21.json	797	c7b2a9f36b584d41e19d0d98b0435c9d23bf7f1ca8eb791b60c20d1d2cbe2393
results/bmr_multitask_smoke/20260902_201623_KDR_DTK_BMR_EuroSAT_tgt1_L21.json	812	5e4ee85b581b8d151f4d8f987af3134b2e95577acefa38869b02a7cdb4db0d18
results/bmr_multitask_smoke/20260902_201843_KDR_DTK_BMR_Cars_tgt1_L21.json	790	16ead1c26d5269585af4fac838038f6ac8f088cb73019266db915c577c4f80cc
results/bmr_multitask_smoke/20260902_203109_KDR_DTK_BMR_CIFAR100_tgt1_L21.json	773	7cada633532655ea7e05701dbaff4494927c522b1b12e4eb2a1ba106b2a7cdd8
results/bmr_multitask_smoke/20260902_203201_KDR_DTK_BMR_GTSRB_tgt1_L21.json	747	cd10a3f69b1de70c45781c5b94e720b0f5e1e86c6dbc45910fa4c8e7fefcf104
results/bmr_multitask_smoke/20260902_203248_KDR_DTK_BMR_EuroSAT_tgt1_L21.json	765	716e3086bc2df5201a2cf880a1c14654bf50323b3e7aea0125316b6aad5f36dd
results/bmr_multitask_smoke/20260902_203340_KDR_DTK_BMR_Cars_tgt1_L21.json	738	85d34ac7c1df069a63553afc2b667e7f00abc26f23e9e5aeaeb449b0751e8884
results/bmr_multitask_smoke/20260902_203452_KDR_DTK_BMR_SUN397_tgt1_L21.json	748	fe166e6adba2996c4e1406d4c464014c989c402beb01fd21b51d8a6f2247fae5
results/bmr_multitask_smoke/20260902_203722_KDR_DTK_BMR_PETS_tgt1_L21.json	744	5acadf8727548dd14839fd8e123ff0f504ea518313eb27e4588103bfac180777
results/kdr_dtk_bmr/20260708_232822_KDR_DTK_BMR_CIFAR100_tgt1_L22.json	1190	f53df598d60c53f7c497b2d31483f9303798b961f30b4735882852655844f000
results/kdr_dtk_bmr_utility/20260709_010556_KDR_DTK_BMR_CIFAR100_tgt1_L22.json	2121	ea7db38620e8b6fe6ef37dd13eb0e5af4a5c1940549df7fef58ea3d04c4273d0
results/kdr_dtk_ccr/20260708_151306_KDR_DTK_CCR_CIFAR100_tgt1_L22.json	1197	e1cc39be46878e12efbb4570617ba5bed1c8b4930b0e8e7d7045652769ad044c
results/kdr_dtk_ccr/20260708_151600_KDR_DTK_CCR_CIFAR100_tgt1_L22.json	1190	3289c1081b8a50c4013d45b457261209cfb843324505c9ff740d9a8a7ddd107f
results/kdr_dtk_ccr_utility/20260708_162243_KDR_DTK_CCR_CIFAR100_tgt1_L22.json	2134	7d8892e222e97b196de8d13d364c3372cfb13f72590124d01c82c3ba6f0c41ea
results/kdr_tdk_bmr/20260712_001928_KDR_TDK_BMR_CIFAR100_tgt1_L22.json	1203	31b85171d96281e1cc5bd716e30d6af7e1017ee620c37d6403541970e0a588ae
results/kdr_tdk_bmr_clean_trigger/20260712_002539_Clean_CIFAR100_tgt1_L22.json	1180	2e65dbd583b33329d5e029375a399a32306561243a96bbe51197d20d469d482c
scripts/eval_adamerging.sh	1037	49a5ed6e72e22745216f5a51707881eb84f1b4e815565c6f090ca222384a3bae
scripts/eval_regmean.sh	1025	e8b96f8ec2c46b8dff5d539957170a84075e82ee43a066c0c3e8eb34cc5c6812
scripts/eval_task_arithmetic.sh	1057	5bdc6f803cb806164733a7965da0ac7dd4a32c44913511455719213e36592c56
scripts/eval_ties_merging.sh	1045	5b0d2dd82505c063922b2a2353c231e2499859c2be31ecf7ad5a7daa3cfdfb0e
scripts/finetune_badmergingoff.sh	936	0d676bdae90592dd8f838897dc990fa221bdf9e1f9ee4f56b06fa55c582cadff
scripts/finetune_badmergingon.sh	330	68830ef73ef016265b1d132f60b0809e86de0b83c647b375203a3e20965eb22a
scripts/finetune_clean.sh	52	f298bc2906965bb0ff7178778a1e1c336ac06a3156fbb14c0f6e8562e43d460a
scripts/run_bmr_cars_e35_lr1e5.sh	5112	ed060591f14e41bc678f22a364d99df87ac2682a6a1562613ac09098d79316dc
scripts/run_bmr_cifar100_proxy_stats_retrain.sh	2372	7109357431981fc256655329022a38b35ffdaaa2d996b46ba70d444f5d85f387
scripts/run_bmr_clean_dormancy_audit.sh	2337	62c803a1a21135d591ac3d610f1f944c7d90baeb808469d2f242e6cd91b9db4c
scripts/run_bmr_mechanism_compare_full.sh	3122	dfeb6ae007b84648f4a6d807aaaf6b055713c3cefff94ef38a207f40697631dd
scripts/run_bmr_multitask_full.sh	1055	e572d0d7f72b11a7722bef19db2a0a023edc1a067c4f42e4e6622b5defb8307e
scripts/run_bmr_multitask_smoke.sh	2914	53eac98c0762512dc78328f8b18d7c0152556359c5fe2ccacb3b38058b3a5670
scripts/run_bmr_multitask_worker.sh	6928	0e63a368b8ae87a91eeff03d9ecb7624f563a6c47b7ad7822df5f22841cd3ef1
scripts/run_bmr_pets_e77_complete.sh	3567	5556b6f4bfd3f6276982738f5771b5ae1b897a09647670012b5aad52e5e35ba8
scripts/run_bmr_pets_e77_lr1e5.sh	5086	1265499c022fff8c9f429ce988e29a12f510f8c51095688498149ba98915b628
scripts/run_bmr_pets_e77_rescue.sh	3705	efad098036fa529315ed90665a577da162feacb023a92fc6cd32e33a46c6299c
scripts/run_kdr_dtk_bmr_all.sh	867	559eb952812448f17f8bc51e381759e761d88efd798775e7aa2e0127caff3e8c
scripts/run_kdr_dtk_bmr_eval_adamerging.sh	737	abf16391524de7fe1b80a9f0dc6f3c468c69392f8fd7cf0dfc622085eaf928e9
scripts/run_kdr_dtk_bmr_eval_asr.sh	1225	e6fea3e7c02bec993fdc5700b87687f113f9661f394354d94b88143fae81a59c
scripts/run_kdr_dtk_bmr_eval_utility.sh	1145	a1526437223947ce3998756a0c08d0231c1065a4cee7e192986893808b4779c5
scripts/run_kdr_dtk_bmr_smoke.sh	1171	f14e172472c0d225d3534b4cfadf5ed23baa97e382e3d12a9e84f1237a3f6d8d
scripts/run_kdr_dtk_bmr_train.sh	1141	8bef9b7dbf71ea5ee5cce9067e6e05e496217d3008eacb519beba93db62d6b37
scripts/run_kdr_dtk_ccr_all.sh	1217	413812888036ec94cfe7a2005967d52e34cdc33a90ccd51e44fcf9731f0d495e
scripts/run_kdr_dtk_ccr_eval_asr.sh	1225	392b67c1502cbd4283786d7b657d5e12ced86956accb8816ffebad72b9453bc1
scripts/run_kdr_dtk_ccr_eval_utility.sh	1140	296860641337d12caade631fe311efe48a9363b1787d2502f45e8ecdda668939
scripts/run_kdr_dtk_ccr_final_state_readout_diag.sh	1239	c47086ffe1a6fb4339ecd0d2a596bef13920a341843a629e4a1a105a09c90bf9
scripts/run_kdr_dtk_ccr_key_causality_diag.sh	1019	adc74a7681055f877625986a040d6dde2caf7281a15b4a666c58e1b017520af7
scripts/run_kdr_dtk_ccr_paired_transport_diag.sh	839	97b9110d2929fe5fbdb256eb864978547b0349e89527cc4301abf872345a4b41
scripts/run_kdr_dtk_ccr_smoke.sh	1296	1f182db1c7e1afa2950931aae57828be13598a8b90b165c1866070d28baa4755
scripts/run_kdr_dtk_ccr_train.sh	1267	6d907273400239a9dcab47a3c6522d129533303f95ea4043de00dab42f891de4
scripts/run_kdr_tdk_bmr_eval_asr.sh	1200	92cbc8415baec69c7c2a30e83a7f7fd50c11eaccdeb43e0f5334c80f27ede295
scripts/run_kdr_tdk_bmr_optimize_trigger.sh	952	fd77bab9db5b83c51be571a4c2b1faaeeaeb503142d0352f420b829cbb67db3d
scripts/run_kdr_tdk_bmr_train.sh	1124	4bd24137b582771f95838120ad8d9924fda87429dc5efe9923e85c0dfacfa9f8
scripts/run_orthogonality_margin_path.sh	1230	77ba89ae8e69c2ee6f27ddcc725b14e9ee35252e3376e22b7c06b466a5a2cb9b
scripts/run_orthogonality_margin_path_smoke.sh	893	ca558071eb48a4c09f9307f9a6cbb856e8a5fdca6b1e1e1a76e1e4e80a3a897a
