method,trigger_source,trigger_label,eta,num_samples,margin_mean,margin_median,margin_q10,margin_q90,target_rate
ta,On,BadMerging-On,0.0,3569,3.9370996952056885,4.181528091430664,2.107335662841797,5.480686950683594,0.9809470439899132
ta,KDR_DTK,BMR trigger,0.0,3569,-7.902977466583252,-7.811176300048828,-12.092345809936523,-3.8018802642822265,0.0047632390025217144
ta,On,BadMerging-On,0.1,3569,4.272266387939453,4.503511428833008,2.402330017089844,5.820253372192383,0.9840291398150742
ta,KDR_DTK,BMR trigger,0.1,3569,-8.275681495666504,-8.181671142578125,-12.723444366455078,-3.9482738494873044,0.0047632390025217144
ta,On,BadMerging-On,0.2,3569,4.5812859535217285,4.825008392333984,2.669417953491211,6.1527446746826175,0.985990473521995
ta,KDR_DTK,BMR trigger,0.2,3569,-8.640657424926758,-8.549337387084961,-13.343840789794921,-4.0868381500244135,0.0050434295320818156
ta,On,BadMerging-On,0.3,3569,4.850416660308838,5.102634429931641,2.879779052734375,6.461482620239258,0.9868310451106752
ta,KDR_DTK,BMR trigger,0.3,3569,-9.007611274719238,-8.923856735229492,-13.947179412841797,-4.195446014404296,0.005323620061641917
ta,On,BadMerging-On,0.4,3569,5.074570178985596,5.3606719970703125,3.0068737030029298,6.749913024902344,0.9873914261697955
ta,KDR_DTK,BMR trigger,0.4,3569,-9.381220817565918,-9.28416633605957,-14.612097930908202,-4.3087856292724585,0.005884001120762118
ta,On,BadMerging-On,0.5,3569,5.252326011657715,5.580543518066406,3.067345428466797,7.0021240234375,0.9873914261697955
ta,KDR_DTK,BMR trigger,0.5,3569,-9.762293815612793,-9.668203353881836,-15.256666946411134,-4.428694534301757,0.005884001120762118
ta,On,BadMerging-On,0.6,3569,5.381652355194092,5.757574081420898,3.0810741424560546,7.235457229614258,0.985990473521995
ta,KDR_DTK,BMR trigger,0.6,3569,-10.147123336791992,-10.056507110595703,-15.852949905395509,-4.575263214111325,0.005884001120762118
ta,On,BadMerging-On,0.7,3569,5.459794998168945,5.869693756103516,2.9550640106201174,7.425433349609376,0.9823479966377137
ta,KDR_DTK,BMR trigger,0.7,3569,-10.523853302001953,-10.427745819091797,-16.426280212402343,-4.673817443847653,0.006164191650322219
ta,On,BadMerging-On,0.8,3569,5.484890460968018,5.923212051391602,2.7778305053710937,7.580037307739258,0.9770243765760718
ta,KDR_DTK,BMR trigger,0.8,3569,-10.875072479248047,-10.756841659545898,-16.968701553344726,-4.7496395111083975,0.00644438217988232
ta,On,BadMerging-On,0.9,3569,5.454198360443115,5.936367034912109,2.5054447174072267,7.698345565795899,0.9711403754553096
ta,KDR_DTK,BMR trigger,0.9,3569,-11.175548553466797,-11.055763244628906,-17.43596420288086,-4.780329895019527,0.006164191650322219
ta,On,BadMerging-On,1.0,3569,5.35939359664917,5.880878448486328,2.128768539428711,7.765359497070313,0.9618940879798262
ta,KDR_DTK,BMR trigger,1.0,3569,-11.397332191467285,-11.305212020874023,-17.945848083496095,-4.8161987304687495,0.007284953768562623
ties,On,BadMerging-On,0.0,3569,3.9370996952056885,4.181528091430664,2.107335662841797,5.480686950683594,0.9809470439899132
ties,KDR_DTK,BMR trigger,0.0,3569,-7.902977466583252,-7.811176300048828,-12.092345809936523,-3.8018802642822265,0.0047632390025217144
ties,On,BadMerging-On,0.1,3569,4.167301177978516,4.407655715942383,2.3034465789794925,5.728085327148437,0.9823479966377137
ties,KDR_DTK,BMR trigger,0.1,3569,-8.169903755187988,-8.073896408081055,-12.555630111694336,-3.918748474121094,0.0047632390025217144
ties,On,BadMerging-On,0.2,3569,4.39105224609375,4.630950927734375,2.468577575683594,5.9675838470458995,0.9834687587559541
ties,KDR_DTK,BMR trigger,0.2,3569,-8.440155982971191,-8.335817337036133,-13.01847801208496,-4.000030899047851,0.0047632390025217144
ties,On,BadMerging-On,0.3,3569,4.605924129486084,4.856637954711914,2.6194347381591796,6.206248855590821,0.9848697114037546
ties,KDR_DTK,BMR trigger,0.3,3569,-8.715682983398438,-8.610218048095703,-13.478895950317384,-4.11506767272949,0.005323620061641917
ties,On,BadMerging-On,0.4,3569,4.810232639312744,5.074941635131836,2.7801876068115234,6.4352840423584,0.985990473521995
ties,KDR_DTK,BMR trigger,0.4,3569,-8.997613906860352,-8.902013778686523,-13.981261062622071,-4.216818618774414,0.005884001120762118
ties,On,BadMerging-On,0.5,3569,5.002204418182373,5.281656265258789,2.914866256713867,6.671857070922852,0.9873914261697955
ties,KDR_DTK,BMR trigger,0.5,3569,-9.285898208618164,-9.181364059448242,-14.43641929626465,-4.311861801147456,0.005884001120762118
ties,On,BadMerging-On,0.6,3569,5.179769515991211,5.4917144775390625,2.983615493774414,6.89073715209961,0.9876716166993555
ties,KDR_DTK,BMR trigger,0.6,3569,-9.581109046936035,-9.475885391235352,-14.980026626586914,-4.415154266357421,0.006164191650322219
ties,On,BadMerging-On,0.7,3569,5.339840412139893,5.670434951782227,3.0597537994384765,7.120601272583008,0.9871112356402354
ties,KDR_DTK,BMR trigger,0.7,3569,-9.883008003234863,-9.78152084350586,-15.531751251220703,-4.499134826660152,0.006164191650322219
ties,On,BadMerging-On,0.8,3569,5.479464054107666,5.838174819946289,3.134893798828125,7.345999145507813,0.9865508545811151
ties,KDR_DTK,BMR trigger,0.8,3569,-10.188980102539062,-10.061695098876953,-16.05397186279297,-4.585950088500976,0.005884001120762118
ties,On,BadMerging-On,0.9,3569,5.596439838409424,5.978645324707031,3.120641326904297,7.546271896362305,0.9857102829924349
ties,KDR_DTK,BMR trigger,0.9,3569,-10.495179176330566,-10.341659545898438,-16.548931884765626,-4.69368553161621,0.006164191650322219
ties,On,BadMerging-On,1.0,3569,5.687816143035889,6.107095718383789,3.0801490783691405,7.732717132568361,0.9837489492855142
ties,KDR_DTK,BMR trigger,1.0,3569,-10.79576301574707,-10.628273010253906,-17.0571720123291,-4.777229881286619,0.0070047632390025216
regmean,On,BadMerging-On,0.0,3569,3.9370996952056885,4.181528091430664,2.107335662841797,5.480686950683594,0.9809470439899132
regmean,KDR_DTK,BMR trigger,0.0,3569,-7.902977466583252,-7.811176300048828,-12.092345809936523,-3.8018802642822265,0.0047632390025217144
regmean,On,BadMerging-On,0.1,3569,4.215920925140381,4.4430389404296875,2.3686141967773438,5.763598251342773,0.9834687587559541
regmean,KDR_DTK,BMR trigger,0.1,3569,-8.185768127441406,-8.092948913574219,-12.576035308837891,-3.9146686553955043,0.0047632390025217144
regmean,On,BadMerging-On,0.2,3569,4.477198123931885,4.704376220703125,2.632955551147461,6.0330451965332035,0.985990473521995
regmean,KDR_DTK,BMR trigger,0.2,3569,-8.46345329284668,-8.368854522705078,-13.022654342651368,-4.003272247314452,0.005323620061641917
regmean,On,BadMerging-On,0.3,3569,4.71453857421875,4.94993782043457,2.849563980102539,6.293560028076173,0.9876716166993555
regmean,KDR_DTK,BMR trigger,0.3,3569,-8.739907264709473,-8.651407241821289,-13.48547821044922,-4.103777694702143,0.0050434295320818156
regmean,On,BadMerging-On,0.4,3569,4.924381256103516,5.170385360717773,3.0263339996337892,6.542496109008789,0.9876716166993555
regmean,KDR_DTK,BMR trigger,0.4,3569,-9.017501831054688,-8.938360214233398,-13.953454971313477,-4.1959411621093725,0.005603810591202018
regmean,On,BadMerging-On,0.5,3569,5.105105876922607,5.374357223510742,3.1368698120117187,6.7645416259765625,0.988792378817596
regmean,KDR_DTK,BMR trigger,0.5,3569,-9.297039031982422,-9.224296569824219,-14.436451721191407,-4.290995407104491,0.005884001120762118
regmean,On,BadMerging-On,0.6,3569,5.255266189575195,5.538352966308594,3.179165267944336,6.953126525878907,0.988792378817596
regmean,KDR_DTK,BMR trigger,0.6,3569,-9.578332901000977,-9.484277725219727,-14.927927780151368,-4.363520812988274,0.005603810591202018
regmean,On,BadMerging-On,0.7,3569,5.376021385192871,5.67997932434082,3.1937862396240235,7.1240497589111325,0.9871112356402354
regmean,KDR_DTK,BMR trigger,0.7,3569,-9.860152244567871,-9.793041229248047,-15.359190750122071,-4.436594009399413,0.005884001120762118
regmean,On,BadMerging-On,0.8,3569,5.4678425788879395,5.807068824768066,3.206655502319336,7.287279891967773,0.9871112356402354
regmean,KDR_DTK,BMR trigger,0.8,3569,-10.139983177185059,-10.038434982299805,-15.853022003173828,-4.515985870361328,0.005884001120762118
regmean,On,BadMerging-On,0.9,3569,5.530327320098877,5.880521774291992,3.164259338378906,7.4364852905273455,0.9843093303446343
regmean,KDR_DTK,BMR trigger,0.9,3569,-10.413616180419922,-10.331535339355469,-16.2608642578125,-4.591106033325192,0.005884001120762118
regmean,On,BadMerging-On,1.0,3569,5.562307357788086,5.931003570556641,3.0579959869384767,7.545037078857423,0.9823479966377137
regmean,KDR_DTK,BMR trigger,1.0,3569,-10.67352294921875,-10.568403244018555,-16.676214599609374,-4.659072494506836,0.00644438217988232
